in_product_family,in_bounding_box_x1,in_bounding_box_y1,in_bounding_box_x2,in_bounding_box_y2,in_bounding_box_x3,in_bounding_box_y3,in_bounding_box_x4,in_bounding_box_y4,out_bounding_box_x1,out_bounding_box_y1,out_bounding_box_x2,out_bounding_box_y2,out_bounding_box_x3,out_bounding_box_y3,out_bounding_box_x4,out_bounding_box_y4
ROOM,0,0,453.89367,0,453.89367,836.12544,0,836.12544,0,0,453.89367,0,453.89367,836.12544,0,836.12544
SOFA,-121.65,-78.15,121.65,-78.15,121.65,78.15,-121.65,78.15,414.7913452148437,1458.1042236328126,414.7913452148438,1214.8042236328124,571.0913452148438,1214.8042236328124,571.0913452148437,1458.1042236328126
