in_product_family,in_bounding_box_x1,in_bounding_box_y1,in_bounding_box_x2,in_bounding_box_y2,in_bounding_box_x3,in_bounding_box_y3,in_bounding_box_x4,in_bounding_box_y4,out_bounding_box_x1,out_bounding_box_y1,out_bounding_box_x2,out_bounding_box_y2,out_bounding_box_x3,out_bounding_box_y3,out_bounding_box_x4,out_bounding_box_y4
ROOM,0,0,492.38244999999995,0,492.38244999999995,379.3746,0,379.3746,0,0,492.38244999999995,0,492.38244999999995,379.3746,0,379.3746
TABLE,-90,-45,90,-45,90,45,-90,45,464.57806396484375,85.45268249511719,644.5780639648438,85.45268249511719,644.5780639648438,175.4526824951172,464.57806396484375,175.4526824951172
SOFA,-112,-49.75,112,-49.75,112,49.75,-112,49.75,788.72412109375,37.140441894531264,788.72412109375,261.14044189453125,689.22412109375,261.14044189453125,689.22412109375,37.140441894531236
