in_product_family,in_bounding_box_x1,in_bounding_box_y1,in_bounding_box_x2,in_bounding_box_y2,in_bounding_box_x3,in_bounding_box_y3,in_bounding_box_x4,in_bounding_box_y4,out_bounding_box_x1,out_bounding_box_y1,out_bounding_box_x2,out_bounding_box_y2,out_bounding_box_x3,out_bounding_box_y3,out_bounding_box_x4,out_bounding_box_y4
ROOM,0,0,441.05303,0,441.05303,482,0,482,0,0,441.05303,0,441.05303,482,0,482
STORAGE_FURNITURE,-90,-20,90,-20,90,20,-90,20,-837.7198486328125,251.23544311523438,-837.7198486328125,71.23544311523439,-797.7198486328125,71.23544311523436,-797.7198486328125,251.23544311523438
TABLE,-60,-60,60,-60,60,60,-60,60,-717.6339721679688,90.91960144042969,-597.6339721679688,90.91960144042969,-597.6339721679688,210.9196014404297,-717.6339721679688,210.9196014404297
