in_product_family,in_bounding_box_x1,in_bounding_box_y1,in_bounding_box_x2,in_bounding_box_y2,in_bounding_box_x3,in_bounding_box_y3,in_bounding_box_x4,in_bounding_box_y4,out_bounding_box_x1,out_bounding_box_y1,out_bounding_box_x2,out_bounding_box_y2,out_bounding_box_x3,out_bounding_box_y3,out_bounding_box_x4,out_bounding_box_y4
ROOM,0,0,2096.2166500000003,0,2096.2166500000003,6272.838269999999,0,6272.838269999999,0,0,2096.2166500000003,0,2096.2166500000003,6272.838269999999,0,6272.838269999999
SOFA,-122,-47,122,-47,122,47,-122,47,243.82589721679688,4592.900390625,487.8258972167969,4592.900390625,487.8258972167969,4686.900390625,243.82589721679688,4686.900390625
SOFA,-95,-49.5,95,-49.5,95,49.5,-95,49.5,28.920973485094606,4713.414324733615,218.91996153020088,4712.794210360646,219.24307375611633,4811.793683078885,29.244085711010058,4812.413797451854
TABLE,-98.4,-48,98.4,-48,98.4,48,-98.4,48,171.86861572265624,4962.25,368.6686157226562,4962.25,368.6686157226562,5058.25,171.86861572265624,5058.25
