in_product_family,in_bounding_box_x1,in_bounding_box_y1,in_bounding_box_x2,in_bounding_box_y2,in_bounding_box_x3,in_bounding_box_y3,in_bounding_box_x4,in_bounding_box_y4,out_bounding_box_x1,out_bounding_box_y1,out_bounding_box_x2,out_bounding_box_y2,out_bounding_box_x3,out_bounding_box_y3,out_bounding_box_x4,out_bounding_box_y4
ROOM,0,0,634.5096100000001,0,634.5096100000001,321.64961000000005,0,321.64961000000005,0,0,634.5096100000001,0,634.5096100000001,321.64961000000005,0,321.64961000000005
LIGHTING,-55.9,-49.35,55.9,-49.35,55.9,49.35,-55.9,49.35,-1312.0834716796876,-1067.094384765625,-1200.2834716796874,-1067.094384765625,-1200.2834716796874,-968.394384765625,-1312.0834716796876,-968.394384765625
