in_product_family,in_bounding_box_x1,in_bounding_box_y1,in_bounding_box_x2,in_bounding_box_y2,in_bounding_box_x3,in_bounding_box_y3,in_bounding_box_x4,in_bounding_box_y4,out_bounding_box_x1,out_bounding_box_y1,out_bounding_box_x2,out_bounding_box_y2,out_bounding_box_x3,out_bounding_box_y3,out_bounding_box_x4,out_bounding_box_y4
ROOM,0,0,1155.1892400000002,0,1155.1892400000002,880.64011,0,880.64011,0,0,1155.1892400000002,0,1155.1892400000002,880.64011,0,880.64011
SOFA,-103.55,-46,103.55,-46,103.55,46,-103.55,46,1754.056396484375,-1122.7413452148437,1754.056396484375,-915.6413452148438,1662.056396484375,-915.6413452148438,1662.056396484375,-1122.7413452148437
