in_product_family,in_bounding_box_x1,in_bounding_box_y1,in_bounding_box_x2,in_bounding_box_y2,in_bounding_box_x3,in_bounding_box_y3,in_bounding_box_x4,in_bounding_box_y4,out_bounding_box_x1,out_bounding_box_y1,out_bounding_box_x2,out_bounding_box_y2,out_bounding_box_x3,out_bounding_box_y3,out_bounding_box_x4,out_bounding_box_y4
ROOM,0,0,2022.40132,0,2022.40132,675.25214,0,675.25214,0,0,2022.40132,0,2022.40132,675.25214,0,675.25214
TABLE,-87.5,-45,87.5,-45,87.5,45,-87.5,45,163.72474670410156,955.0672607421875,338.72474670410156,955.0672607421875,338.72474670410156,1045.0672607421875,163.72474670410156,1045.0672607421875
SEATING,-50.85,-22.5,50.85,-22.5,50.85,22.5,-50.85,22.5,166.1705535888672,910.0572509765625,267.8705535888672,910.0572509765625,267.8705535888672,955.0572509765625,166.1705535888672,955.0572509765625
SEATING,-50.85,-22.5,50.85,-22.5,50.85,22.5,-50.85,22.5,226.86807861328126,910.0572509765625,328.5680786132813,910.0572509765625,328.5680786132813,955.0572509765625,226.86807861328126,955.0572509765625
SEATING,-50.85,-22.5,50.85,-22.5,50.85,22.5,-50.85,22.5,165.74434509277344,1045.0772705078125,267.44434509277346,1045.0772705078125,267.44434509277346,1090.0772705078125,165.74434509277344,1090.0772705078125
SEATING,-50.85,-22.5,50.85,-22.5,50.85,22.5,-50.85,22.5,226.44180908203126,1045.0772705078125,328.1418090820313,1045.0772705078125,328.1418090820313,1090.0772705078125,226.44180908203126,1090.0772705078125
