in_product_family,in_bounding_box_x1,in_bounding_box_y1,in_bounding_box_x2,in_bounding_box_y2,in_bounding_box_x3,in_bounding_box_y3,in_bounding_box_x4,in_bounding_box_y4,out_bounding_box_x1,out_bounding_box_y1,out_bounding_box_x2,out_bounding_box_y2,out_bounding_box_x3,out_bounding_box_y3,out_bounding_box_x4,out_bounding_box_y4
ROOM,0,0,981.03125,0,981.03125,1455.92078,0,1455.92078,0,0,981.03125,0,981.03125,1455.92078,0,1455.92078
VEGETATION,-28.9,-28.85,28.9,-28.85,28.9,28.85,-28.9,28.85,1026.32900390625,196.75745239257813,1084.12900390625,196.75745239257813,1084.12900390625,254.45745239257812,1026.32900390625,254.45745239257812
STORAGE_FURNITURE,-82.9,-17.5,82.9,-17.5,82.9,17.5,-82.9,17.5,686.486572265625,201.30547180175782,686.486572265625,35.50547180175781,721.486572265625,35.50547180175781,721.486572265625,201.30547180175782
