in_product_family,in_bounding_box_x1,in_bounding_box_y1,in_bounding_box_x2,in_bounding_box_y2,in_bounding_box_x3,in_bounding_box_y3,in_bounding_box_x4,in_bounding_box_y4,out_bounding_box_x1,out_bounding_box_y1,out_bounding_box_x2,out_bounding_box_y2,out_bounding_box_x3,out_bounding_box_y3,out_bounding_box_x4,out_bounding_box_y4
ROOM,0,0,980.0099500000001,0,980.0099500000001,400.0244,0,400.0244,0,0,980.0099500000001,0,980.0099500000001,400.0244,0,400.0244
SEATING,-26.55,-26.05,26.55,-26.05,26.55,26.05,-26.55,26.05,3052.69453125,-148.45497589111326,3052.69453125,-95.35497589111327,3000.59453125,-95.3549758911133,3000.59453125,-148.4549758911133
LIGHTING,-6.05,-6.05,6.05,-6.05,6.05,6.05,-6.05,6.05,2992.916064453125,-128.24109344482423,3005.016064453125,-128.24109344482423,3005.016064453125,-116.14109344482422,2992.916064453125,-116.14109344482422
