in_product_family,in_bounding_box_x1,in_bounding_box_y1,in_bounding_box_x2,in_bounding_box_y2,in_bounding_box_x3,in_bounding_box_y3,in_bounding_box_x4,in_bounding_box_y4,out_bounding_box_x1,out_bounding_box_y1,out_bounding_box_x2,out_bounding_box_y2,out_bounding_box_x3,out_bounding_box_y3,out_bounding_box_x4,out_bounding_box_y4
ROOM,0,0,697.0341999999998,0,697.0341999999998,749.38924,0,749.38924,0,0,697.0341999999998,0,697.0341999999998,749.38924,0,749.38924
STORAGE_FURNITURE,-50,-17.5,50,-17.5,50,17.5,-50,17.5,2015.2742434109055,-142.76448757375067,2015.7175555888618,-242.76350494048722,2050.7172116672195,-242.60834567820245,2050.2738994892634,-142.6093283114659
