in_product_family,in_bounding_box_x1,in_bounding_box_y1,in_bounding_box_x2,in_bounding_box_y2,in_bounding_box_x3,in_bounding_box_y3,in_bounding_box_x4,in_bounding_box_y4,out_bounding_box_x1,out_bounding_box_y1,out_bounding_box_x2,out_bounding_box_y2,out_bounding_box_x3,out_bounding_box_y3,out_bounding_box_x4,out_bounding_box_y4
ROOM,0,0,619.99767,0,619.99767,320.01077,0,320.01077,0,0,619.99767,0,619.99767,320.01077,0,320.01077
SOFA,-116.6,-89.35,116.6,-89.35,116.6,89.35,-116.6,89.35,963.11875,-823.9311889648438,963.1187500000001,-1057.1311889648437,1141.81875,-1057.1311889648437,1141.81875,-823.9311889648437
TABLE,-55,-37.5,55,-37.5,55,37.5,-55,37.5,1114.34765625,-913.4473876953125,1224.34765625,-913.4473876953125,1224.34765625,-838.4473876953125,1114.34765625,-838.4473876953125
